"filename", "language", "JavaScript", "JSON", "PHP", "CSS", "Markdown", "HTML", "XML", "comment", "blank", "total"
"c:\xampp\htdocs\cmmotors\ProyectoInventarioMotors\README.md", "Markdown", 0, 0, 0, 0, 45, 0, 0, 0, 22, 67
"c:\xampp\htdocs\cmmotors\ProyectoInventarioMotors\app\Console\Kernel.php", "PHP", 0, 0, 18, 0, 0, 0, 0, 12, 6, 36
"c:\xampp\htdocs\cmmotors\ProyectoInventarioMotors\app\Events\DisminuirProductosEvent.php", "PHP", 0, 0, 24, 0, 0, 0, 0, 5, 8, 37
"c:\xampp\htdocs\cmmotors\ProyectoInventarioMotors\app\Events\DisminuyendoCandtidadEvent.php", "PHP", 0, 0, 28, 0, 0, 0, 0, 5, 7, 40
"c:\xampp\htdocs\cmmotors\ProyectoInventarioMotors\app\Exceptions\Handler.php", "PHP", 0, 0, 21, 0, 0, 0, 0, 23, 7, 51
"c:\xampp\htdocs\cmmotors\ProyectoInventarioMotors\app\Exports\ExcelGeneralExport.php", "PHP", 0, 0, 13, 0, 0, 0, 0, 19, 6, 38
"c:\xampp\htdocs\cmmotors\ProyectoInventarioMotors\app\Exports\ExportBackup.php", "PHP", 0, 0, 12, 0, 0, 0, 0, 0, 4, 16
"c:\xampp\htdocs\cmmotors\ProyectoInventarioMotors\app\Exports\ProductoExportCollection.php", "PHP", 0, 0, 12, 0, 0, 0, 0, 3, 4, 19
"c:\xampp\htdocs\cmmotors\ProyectoInventarioMotors\app\Exports\ProductoExportView.php", "PHP", 0, 0, 25, 0, 0, 0, 0, 140, 26, 191
"c:\xampp\htdocs\cmmotors\ProyectoInventarioMotors\app\Exports\VerificadorExport.php", "PHP", 0, 0, 17, 0, 0, 0, 0, 2, 7, 26
"c:\xampp\htdocs\cmmotors\ProyectoInventarioMotors\app\Http\Controllers\AuthController.php", "PHP", 0, 0, 181, 0, 0, 0, 0, 35, 48, 264
"c:\xampp\htdocs\cmmotors\ProyectoInventarioMotors\app\Http\Controllers\BackupController.php", "PHP", 0, 0, 527, 0, 0, 0, 0, 268, 122, 917
"c:\xampp\htdocs\cmmotors\ProyectoInventarioMotors\app\Http\Controllers\ClienteController.php", "PHP", 0, 0, 148, 0, 0, 0, 0, 55, 36, 239
"c:\xampp\htdocs\cmmotors\ProyectoInventarioMotors\app\Http\Controllers\Controller.php", "PHP", 0, 0, 10, 0, 0, 0, 0, 0, 4, 14
"c:\xampp\htdocs\cmmotors\ProyectoInventarioMotors\app\Http\Controllers\DatosgeneralController.php", "PHP", 0, 0, 28, 0, 0, 0, 0, 48, 10, 86
"c:\xampp\htdocs\cmmotors\ProyectoInventarioMotors\app\Http\Controllers\EmpleadoController.php", "PHP", 0, 0, 171, 0, 0, 0, 0, 57, 48, 276
"c:\xampp\htdocs\cmmotors\ProyectoInventarioMotors\app\Http\Controllers\PapelController.php", "PHP", 0, 0, 31, 0, 0, 0, 0, 47, 10, 88
"c:\xampp\htdocs\cmmotors\ProyectoInventarioMotors\app\Http\Controllers\ProductoController.php", "PHP", 0, 0, 513, 0, 0, 0, 0, 101, 94, 708
"c:\xampp\htdocs\cmmotors\ProyectoInventarioMotors\app\Http\Controllers\ProveedorController.php", "PHP", 0, 0, 109, 0, 0, 0, 0, 29, 25, 163
"c:\xampp\htdocs\cmmotors\ProyectoInventarioMotors\app\Http\Controllers\PruebasController.php", "PHP", 0, 0, 241, 0, 0, 0, 0, 86, 45, 372
"c:\xampp\htdocs\cmmotors\ProyectoInventarioMotors\app\Http\Controllers\ReporteController.php", "PHP", 0, 0, 241, 0, 0, 0, 0, 80, 46, 367
"c:\xampp\htdocs\cmmotors\ProyectoInventarioMotors\app\Http\Controllers\RolController.php", "PHP", 0, 0, 61, 0, 0, 0, 0, 14, 13, 88
"c:\xampp\htdocs\cmmotors\ProyectoInventarioMotors\app\Http\Controllers\UbicacionController.php", "PHP", 0, 0, 117, 0, 0, 0, 0, 53, 36, 206
"c:\xampp\htdocs\cmmotors\ProyectoInventarioMotors\app\Http\Controllers\VentasController.php", "PHP", 0, 0, 1096, 0, 0, 0, 0, 367, 245, 1708
"c:\xampp\htdocs\cmmotors\ProyectoInventarioMotors\app\Http\Kernel.php", "PHP", 0, 0, 43, 0, 0, 0, 0, 22, 8, 73
"c:\xampp\htdocs\cmmotors\ProyectoInventarioMotors\app\Http\Livewire\AutorellenoCliente.php", "PHP", 0, 0, 41, 0, 0, 0, 0, 5, 16, 62
"c:\xampp\htdocs\cmmotors\ProyectoInventarioMotors\app\Http\Livewire\BuscadorClienteWire.php", "PHP", 0, 0, 119, 0, 0, 0, 0, 10, 29, 158
"c:\xampp\htdocs\cmmotors\ProyectoInventarioMotors\app\Http\Livewire\BuscadorVentaWire.php", "PHP", 0, 0, 18, 0, 0, 0, 0, 1, 12, 31
"c:\xampp\htdocs\cmmotors\ProyectoInventarioMotors\app\Http\Middleware\Authenticate.php", "PHP", 0, 0, 13, 0, 0, 0, 0, 9, 5, 27
"c:\xampp\htdocs\cmmotors\ProyectoInventarioMotors\app\Http\Middleware\EncryptCookies.php", "PHP", 0, 0, 8, 0, 0, 0, 0, 6, 4, 18
"c:\xampp\htdocs\cmmotors\ProyectoInventarioMotors\app\Http\Middleware\PreventRequestsDuringMaintenance.php", "PHP", 0, 0, 8, 0, 0, 0, 0, 6, 4, 18
"c:\xampp\htdocs\cmmotors\ProyectoInventarioMotors\app\Http\Middleware\RedirectIfAuthenticated.php", "PHP", 0, 0, 19, 0, 0, 0, 0, 8, 6, 33
"c:\xampp\htdocs\cmmotors\ProyectoInventarioMotors\app\Http\Middleware\RolAdmin.php", "PHP", 0, 0, 21, 0, 0, 0, 0, 10, 6, 37
"c:\xampp\htdocs\cmmotors\ProyectoInventarioMotors\app\Http\Middleware\TrimStrings.php", "PHP", 0, 0, 11, 0, 0, 0, 0, 5, 4, 20
"c:\xampp\htdocs\cmmotors\ProyectoInventarioMotors\app\Http\Middleware\TrustHosts.php", "PHP", 0, 0, 12, 0, 0, 0, 0, 5, 4, 21
"c:\xampp\htdocs\cmmotors\ProyectoInventarioMotors\app\Http\Middleware\TrustProxies.php", "PHP", 0, 0, 14, 0, 0, 0, 0, 10, 5, 29
"c:\xampp\htdocs\cmmotors\ProyectoInventarioMotors\app\Http\Middleware\ValidateSignature.php", "PHP", 0, 0, 8, 0, 0, 0, 0, 11, 4, 23
"c:\xampp\htdocs\cmmotors\ProyectoInventarioMotors\app\Http\Middleware\VerifyCsrfToken.php", "PHP", 0, 0, 8, 0, 0, 0, 0, 6, 4, 18
"c:\xampp\htdocs\cmmotors\ProyectoInventarioMotors\app\Http\Middleware\middlaware_ventas.php", "PHP", 0, 0, 48, 0, 0, 0, 0, 41, 19, 108
"c:\xampp\htdocs\cmmotors\ProyectoInventarioMotors\app\Http\Middleware\valitacion_contrasenas.php", "PHP", 0, 0, 32, 0, 0, 0, 0, 9, 7, 48
"c:\xampp\htdocs\cmmotors\ProyectoInventarioMotors\app\Imports\ActualizarProductosImport.php", "PHP", 0, 0, 21, 0, 0, 0, 0, 9, 8, 38
"c:\xampp\htdocs\cmmotors\ProyectoInventarioMotors\app\Imports\ActualizarUbicacionImport.php", "PHP", 0, 0, 31, 0, 0, 0, 0, 1, 11, 43
"c:\xampp\htdocs\cmmotors\ProyectoInventarioMotors\app\Imports\DeshabilitarProducto.php", "PHP", 0, 0, 21, 0, 0, 0, 0, 12, 6, 39
"c:\xampp\htdocs\cmmotors\ProyectoInventarioMotors\app\Imports\ProductoImport.php", "PHP", 0, 0, 58, 0, 0, 0, 0, 33, 25, 116
"c:\xampp\htdocs\cmmotors\ProyectoInventarioMotors\app\Imports\ProductosImport.php", "PHP", 0, 0, 43, 0, 0, 0, 0, 14, 6, 63
"c:\xampp\htdocs\cmmotors\ProyectoInventarioMotors\app\Imports\VerificadorImport.php", "PHP", 0, 0, 49, 0, 0, 0, 0, 107, 39, 195
"c:\xampp\htdocs\cmmotors\ProyectoInventarioMotors\app\Listeners\DisminuirProductosListener.php", "PHP", 0, 0, 17, 0, 0, 0, 0, 8, 11, 36
"c:\xampp\htdocs\cmmotors\ProyectoInventarioMotors\app\Listeners\DisminuyendoCandtidadListener.php", "PHP", 0, 0, 15, 0, 0, 0, 0, 12, 5, 32
"c:\xampp\htdocs\cmmotors\ProyectoInventarioMotors\app\Models\Backup.php", "PHP", 0, 0, 9, 0, 0, 0, 0, 0, 4, 13
"c:\xampp\htdocs\cmmotors\ProyectoInventarioMotors\app\Models\Cliente.php", "PHP", 0, 0, 25, 0, 0, 0, 0, 3, 12, 40
"c:\xampp\htdocs\cmmotors\ProyectoInventarioMotors\app\Models\Cotizacion.php", "PHP", 0, 0, 38, 0, 0, 0, 0, 4, 9, 51
"c:\xampp\htdocs\cmmotors\ProyectoInventarioMotors\app\Models\DatosGeneral.php", "PHP", 0, 0, 15, 0, 0, 0, 0, 2, 7, 24
"c:\xampp\htdocs\cmmotors\ProyectoInventarioMotors\app\Models\DetalleCotizacion.php", "PHP", 0, 0, 26, 0, 0, 0, 0, 3, 9, 38
"c:\xampp\htdocs\cmmotors\ProyectoInventarioMotors\app\Models\DetalleVenta.php", "PHP", 0, 0, 26, 0, 0, 0, 0, 2, 8, 36
"c:\xampp\htdocs\cmmotors\ProyectoInventarioMotors\app\Models\Empleado.php", "PHP", 0, 0, 26, 0, 0, 0, 0, 0, 10, 36
"c:\xampp\htdocs\cmmotors\ProyectoInventarioMotors\app\Models\Producto.php", "PHP", 0, 0, 41, 0, 0, 0, 0, 8, 12, 61
"c:\xampp\htdocs\cmmotors\ProyectoInventarioMotors\app\Models\Proveedor.php", "PHP", 0, 0, 22, 0, 0, 0, 0, 3, 7, 32
"c:\xampp\htdocs\cmmotors\ProyectoInventarioMotors\app\Models\Ubicacion.php", "PHP", 0, 0, 15, 0, 0, 0, 0, 2, 8, 25
"c:\xampp\htdocs\cmmotors\ProyectoInventarioMotors\app\Models\User.php", "PHP", 0, 0, 26, 0, 0, 0, 0, 17, 9, 52
"c:\xampp\htdocs\cmmotors\ProyectoInventarioMotors\app\Models\Venta.php", "PHP", 0, 0, 35, 0, 0, 0, 0, 4, 12, 51
"c:\xampp\htdocs\cmmotors\ProyectoInventarioMotors\app\Models\papel.php", "PHP", 0, 0, 8, 0, 0, 0, 0, 0, 4, 12
"c:\xampp\htdocs\cmmotors\ProyectoInventarioMotors\app\Models\rol.php", "PHP", 0, 0, 13, 0, 0, 0, 0, 1, 4, 18
"c:\xampp\htdocs\cmmotors\ProyectoInventarioMotors\app\Providers\AppServiceProvider.php", "PHP", 0, 0, 15, 0, 0, 0, 0, 12, 5, 32
"c:\xampp\htdocs\cmmotors\ProyectoInventarioMotors\app\Providers\AuthServiceProvider.php", "PHP", 0, 0, 13, 0, 0, 0, 0, 12, 6, 31
"c:\xampp\htdocs\cmmotors\ProyectoInventarioMotors\app\Providers\BroadcastServiceProvider.php", "PHP", 0, 0, 12, 0, 0, 0, 0, 5, 5, 22
"c:\xampp\htdocs\cmmotors\ProyectoInventarioMotors\app\Providers\EventServiceProvider.php", "PHP", 0, 0, 26, 0, 0, 0, 0, 16, 7, 49
"c:\xampp\htdocs\cmmotors\ProyectoInventarioMotors\app\Providers\RouteServiceProvider.php", "PHP", 0, 0, 28, 0, 0, 0, 0, 17, 8, 53
"c:\xampp\htdocs\cmmotors\ProyectoInventarioMotors\bootstrap\app.php", "PHP", 0, 0, 17, 0, 0, 0, 0, 30, 9, 56
"c:\xampp\htdocs\cmmotors\ProyectoInventarioMotors\composer.json", "JSON", 0, 75, 0, 0, 0, 0, 0, 0, 1, 76
"c:\xampp\htdocs\cmmotors\ProyectoInventarioMotors\composer.lock", "JSON", 0, 9819, 0, 0, 0, 0, 0, 0, 1, 9820
"c:\xampp\htdocs\cmmotors\ProyectoInventarioMotors\config\app.php", "PHP", 0, 0, 54, 0, 0, 0, 0, 138, 35, 227
"c:\xampp\htdocs\cmmotors\ProyectoInventarioMotors\config\auth.php", "PHP", 0, 0, 28, 0, 0, 0, 0, 70, 14, 112
"c:\xampp\htdocs\cmmotors\ProyectoInventarioMotors\config\backup.php", "PHP", 0, 0, 84, 0, 0, 0, 0, 152, 46, 282
"c:\xampp\htdocs\cmmotors\ProyectoInventarioMotors\config\broadcasting.php", "PHP", 0, 0, 35, 0, 0, 0, 0, 23, 13, 71
"c:\xampp\htdocs\cmmotors\ProyectoInventarioMotors\config\cache.php", "PHP", 0, 0, 58, 0, 0, 0, 0, 34, 19, 111
"c:\xampp\htdocs\cmmotors\ProyectoInventarioMotors\config\cors.php", "PHP", 0, 0, 3, 0, 0, 0, 0, 29, 3, 35
"c:\xampp\htdocs\cmmotors\ProyectoInventarioMotors\config\database.php", "PHP", 0, 0, 88, 0, 0, 0, 0, 48, 22, 158
"c:\xampp\htdocs\cmmotors\ProyectoInventarioMotors\config\excel.php", "PHP", 0, 0, 96, 0, 0, 0, 0, 211, 26, 333
"c:\xampp\htdocs\cmmotors\ProyectoInventarioMotors\config\filesystems.php", "PHP", 0, 0, 32, 0, 0, 0, 0, 32, 13, 77
"c:\xampp\htdocs\cmmotors\ProyectoInventarioMotors\config\hashing.php", "PHP", 0, 0, 12, 0, 0, 0, 0, 32, 9, 53
"c:\xampp\htdocs\cmmotors\ProyectoInventarioMotors\config\logging.php", "PHP", 0, 0, 70, 0, 0, 0, 0, 34, 19, 123
"c:\xampp\htdocs\cmmotors\ProyectoInventarioMotors\config\mail.php", "PHP", 0, 0, 53, 0, 0, 0, 0, 56, 19, 128
"c:\xampp\htdocs\cmmotors\ProyectoInventarioMotors\config\permission.php", "PHP", 0, 0, 30, 0, 0, 0, 0, 91, 41, 162
"c:\xampp\htdocs\cmmotors\ProyectoInventarioMotors\config\queue.php", "PHP", 0, 0, 47, 0, 0, 0, 0, 32, 15, 94
"c:\xampp\htdocs\cmmotors\ProyectoInventarioMotors\config\sanctum.php", "PHP", 0, 0, 15, 0, 0, 0, 0, 41, 12, 68
"c:\xampp\htdocs\cmmotors\ProyectoInventarioMotors\config\services.php", "PHP", 0, 0, 17, 0, 0, 0, 0, 11, 7, 35
"c:\xampp\htdocs\cmmotors\ProyectoInventarioMotors\config\session.php", "PHP", 0, 0, 22, 0, 0, 0, 0, 147, 33, 202
"c:\xampp\htdocs\cmmotors\ProyectoInventarioMotors\config\view.php", "PHP", 0, 0, 10, 0, 0, 0, 0, 20, 7, 37
"c:\xampp\htdocs\cmmotors\ProyectoInventarioMotors\database\factories\UserFactory.php", "PHP", 0, 0, 22, 0, 0, 0, 0, 15, 5, 42
"c:\xampp\htdocs\cmmotors\ProyectoInventarioMotors\database\migrations\2014_10_12_000000_create_users_table.php", "PHP", 0, 0, 22, 0, 0, 0, 0, 6, 5, 33
"c:\xampp\htdocs\cmmotors\ProyectoInventarioMotors\database\migrations\2014_10_12_100000_create_password_resets_table.php", "PHP", 0, 0, 19, 0, 0, 0, 0, 10, 4, 33
"c:\xampp\htdocs\cmmotors\ProyectoInventarioMotors\database\migrations\2019_08_19_000000_create_failed_jobs_table.php", "PHP", 0, 0, 23, 0, 0, 0, 0, 10, 4, 37
"c:\xampp\htdocs\cmmotors\ProyectoInventarioMotors\database\migrations\2019_12_14_000001_create_personal_access_tokens_table.php", "PHP", 0, 0, 24, 0, 0, 0, 0, 10, 4, 38
"c:\xampp\htdocs\cmmotors\ProyectoInventarioMotors\database\migrations\2022_07_28_102445_create_datos_generals_table.php", "PHP", 0, 0, 23, 0, 0, 0, 0, 11, 4, 38
"c:\xampp\htdocs\cmmotors\ProyectoInventarioMotors\database\migrations\2022_08_29_092200_create_empleados_table.php", "PHP", 0, 0, 28, 0, 0, 0, 0, 12, 5, 45
"c:\xampp\htdocs\cmmotors\ProyectoInventarioMotors\database\migrations\2022_08_29_092428_create_proveedors_table.php", "PHP", 0, 0, 26, 0, 0, 0, 0, 10, 5, 41
"c:\xampp\htdocs\cmmotors\ProyectoInventarioMotors\database\migrations\2022_08_29_092624_create_productos_table.php", "PHP", 0, 0, 41, 0, 0, 0, 0, 12, 6, 59
"c:\xampp\htdocs\cmmotors\ProyectoInventarioMotors\database\migrations\2022_08_29_092904_create_clientes_table.php", "PHP", 0, 0, 25, 0, 0, 0, 0, 10, 4, 39
"c:\xampp\htdocs\cmmotors\ProyectoInventarioMotors\database\migrations\2022_08_29_093021_create_cotizacions_table.php", "PHP", 0, 0, 47, 0, 0, 0, 0, 13, 9, 69
"c:\xampp\htdocs\cmmotors\ProyectoInventarioMotors\database\migrations\2022_08_29_093309_create_detalle_cotizacions_table.php", "PHP", 0, 0, 35, 0, 0, 0, 0, 13, 8, 56
"c:\xampp\htdocs\cmmotors\ProyectoInventarioMotors\database\migrations\2022_08_29_093650_create_ventas_table.php", "PHP", 0, 0, 33, 0, 0, 0, 0, 11, 5, 49
"c:\xampp\htdocs\cmmotors\ProyectoInventarioMotors\database\migrations\2022_08_29_093702_create_detalle_ventas_table.php", "PHP", 0, 0, 35, 0, 0, 0, 0, 12, 8, 55
"c:\xampp\htdocs\cmmotors\ProyectoInventarioMotors\database\migrations\2022_10_17_234619_create_permission_tables.php", "PHP", 0, 0, 108, 0, 0, 0, 0, 10, 24, 142
"c:\xampp\htdocs\cmmotors\ProyectoInventarioMotors\database\migrations\2022_12_19_205133_create_backups_table.php", "PHP", 0, 0, 19, 0, 0, 0, 0, 6, 5, 30
"c:\xampp\htdocs\cmmotors\ProyectoInventarioMotors\database\seeders\DatabaseSeeder.php", "PHP", 0, 0, 135, 0, 0, 0, 0, 201, 58, 394
"c:\xampp\htdocs\cmmotors\ProyectoInventarioMotors\lang\en\auth.php", "PHP", 0, 0, 6, 0, 0, 0, 0, 10, 5, 21
"c:\xampp\htdocs\cmmotors\ProyectoInventarioMotors\lang\en\pagination.php", "PHP", 0, 0, 5, 0, 0, 0, 0, 10, 5, 20
"c:\xampp\htdocs\cmmotors\ProyectoInventarioMotors\lang\en\passwords.php", "PHP", 0, 0, 8, 0, 0, 0, 0, 10, 5, 23
"c:\xampp\htdocs\cmmotors\ProyectoInventarioMotors\lang\en\validation.php", "PHP", 0, 0, 136, 0, 0, 0, 0, 30, 9, 175
"c:\xampp\htdocs\cmmotors\ProyectoInventarioMotors\lang\es\auth.php", "PHP", 0, 0, 5, 0, 0, 0, 0, 10, 5, 20
"c:\xampp\htdocs\cmmotors\ProyectoInventarioMotors\lang\es\pagination.php", "PHP", 0, 0, 5, 0, 0, 0, 0, 10, 5, 20
"c:\xampp\htdocs\cmmotors\ProyectoInventarioMotors\lang\es\passwords.php", "PHP", 0, 0, 9, 0, 0, 0, 0, 10, 4, 23
"c:\xampp\htdocs\cmmotors\ProyectoInventarioMotors\lang\es\validation.php", "PHP", 0, 0, 113, 0, 0, 0, 0, 31, 9, 153
"c:\xampp\htdocs\cmmotors\ProyectoInventarioMotors\lang\vendor\backup\ar\notifications.php", "PHP", 0, 0, 37, 0, 0, 0, 0, 0, 9, 46
"c:\xampp\htdocs\cmmotors\ProyectoInventarioMotors\lang\vendor\backup\bg\notifications.php", "PHP", 0, 0, 37, 0, 0, 0, 0, 0, 9, 46
"c:\xampp\htdocs\cmmotors\ProyectoInventarioMotors\lang\vendor\backup\bn\notifications.php", "PHP", 0, 0, 37, 0, 0, 0, 0, 0, 9, 46
"c:\xampp\htdocs\cmmotors\ProyectoInventarioMotors\lang\vendor\backup\cs\notifications.php", "PHP", 0, 0, 37, 0, 0, 0, 0, 0, 9, 46
"c:\xampp\htdocs\cmmotors\ProyectoInventarioMotors\lang\vendor\backup\da\notifications.php", "PHP", 0, 0, 37, 0, 0, 0, 0, 0, 9, 46
"c:\xampp\htdocs\cmmotors\ProyectoInventarioMotors\lang\vendor\backup\de\notifications.php", "PHP", 0, 0, 37, 0, 0, 0, 0, 0, 9, 46
"c:\xampp\htdocs\cmmotors\ProyectoInventarioMotors\lang\vendor\backup\en\notifications.php", "PHP", 0, 0, 37, 0, 0, 0, 0, 0, 9, 46
"c:\xampp\htdocs\cmmotors\ProyectoInventarioMotors\lang\vendor\backup\es\notifications.php", "PHP", 0, 0, 37, 0, 0, 0, 0, 0, 9, 46
"c:\xampp\htdocs\cmmotors\ProyectoInventarioMotors\lang\vendor\backup\fa\notifications.php", "PHP", 0, 0, 37, 0, 0, 0, 0, 0, 9, 46
"c:\xampp\htdocs\cmmotors\ProyectoInventarioMotors\lang\vendor\backup\fi\notifications.php", "PHP", 0, 0, 37, 0, 0, 0, 0, 0, 9, 46
"c:\xampp\htdocs\cmmotors\ProyectoInventarioMotors\lang\vendor\backup\fr\notifications.php", "PHP", 0, 0, 37, 0, 0, 0, 0, 0, 9, 46
"c:\xampp\htdocs\cmmotors\ProyectoInventarioMotors\lang\vendor\backup\hi\notifications.php", "PHP", 0, 0, 37, 0, 0, 0, 0, 0, 9, 46
"c:\xampp\htdocs\cmmotors\ProyectoInventarioMotors\lang\vendor\backup\id\notifications.php", "PHP", 0, 0, 37, 0, 0, 0, 0, 0, 9, 46
"c:\xampp\htdocs\cmmotors\ProyectoInventarioMotors\lang\vendor\backup\it\notifications.php", "PHP", 0, 0, 37, 0, 0, 0, 0, 0, 9, 46
"c:\xampp\htdocs\cmmotors\ProyectoInventarioMotors\lang\vendor\backup\ja\notifications.php", "PHP", 0, 0, 37, 0, 0, 0, 0, 0, 9, 46
"c:\xampp\htdocs\cmmotors\ProyectoInventarioMotors\lang\vendor\backup\nl\notifications.php", "PHP", 0, 0, 37, 0, 0, 0, 0, 0, 9, 46
"c:\xampp\htdocs\cmmotors\ProyectoInventarioMotors\lang\vendor\backup\no\notifications.php", "PHP", 0, 0, 37, 0, 0, 0, 0, 0, 9, 46
"c:\xampp\htdocs\cmmotors\ProyectoInventarioMotors\lang\vendor\backup\pl\notifications.php", "PHP", 0, 0, 37, 0, 0, 0, 0, 0, 9, 46
"c:\xampp\htdocs\cmmotors\ProyectoInventarioMotors\lang\vendor\backup\pt-BR\notifications.php", "PHP", 0, 0, 37, 0, 0, 0, 0, 0, 9, 46
"c:\xampp\htdocs\cmmotors\ProyectoInventarioMotors\lang\vendor\backup\pt\notifications.php", "PHP", 0, 0, 37, 0, 0, 0, 0, 0, 9, 46
"c:\xampp\htdocs\cmmotors\ProyectoInventarioMotors\lang\vendor\backup\ro\notifications.php", "PHP", 0, 0, 37, 0, 0, 0, 0, 0, 9, 46
"c:\xampp\htdocs\cmmotors\ProyectoInventarioMotors\lang\vendor\backup\ru\notifications.php", "PHP", 0, 0, 37, 0, 0, 0, 0, 0, 9, 46
"c:\xampp\htdocs\cmmotors\ProyectoInventarioMotors\lang\vendor\backup\tr\notifications.php", "PHP", 0, 0, 37, 0, 0, 0, 0, 0, 9, 46
"c:\xampp\htdocs\cmmotors\ProyectoInventarioMotors\lang\vendor\backup\uk\notifications.php", "PHP", 0, 0, 37, 0, 0, 0, 0, 0, 9, 46
"c:\xampp\htdocs\cmmotors\ProyectoInventarioMotors\lang\vendor\backup\zh-CN\notifications.php", "PHP", 0, 0, 37, 0, 0, 0, 0, 0, 9, 46
"c:\xampp\htdocs\cmmotors\ProyectoInventarioMotors\lang\vendor\backup\zh-TW\notifications.php", "PHP", 0, 0, 37, 0, 0, 0, 0, 0, 9, 46
"c:\xampp\htdocs\cmmotors\ProyectoInventarioMotors\package-lock.json", "JSON", 0, 2431, 0, 0, 0, 0, 0, 0, 1, 2432
"c:\xampp\htdocs\cmmotors\ProyectoInventarioMotors\package.json", "JSON", 0, 16, 0, 0, 0, 0, 0, 0, 1, 17
"c:\xampp\htdocs\cmmotors\ProyectoInventarioMotors\phpunit.xml", "XML", 0, 0, 0, 0, 0, 0, 29, 2, 1, 32
"c:\xampp\htdocs\cmmotors\ProyectoInventarioMotors\postcss.config.js", "JavaScript", 6, 0, 0, 0, 0, 0, 0, 0, 1, 7
"c:\xampp\htdocs\cmmotors\ProyectoInventarioMotors\public\build\assets\app.3def9732.js", "JavaScript", 21, 0, 0, 0, 0, 0, 0, 8, 0, 29
"c:\xampp\htdocs\cmmotors\ProyectoInventarioMotors\public\build\assets\app.cc10c83a.css", "CSS", 0, 0, 0, 1, 0, 0, 0, 0, 1, 2
"c:\xampp\htdocs\cmmotors\ProyectoInventarioMotors\public\build\assets\livewire_events.521dd473.js", "JavaScript", 6, 0, 0, 0, 0, 0, 0, 0, 1, 7
"c:\xampp\htdocs\cmmotors\ProyectoInventarioMotors\public\build\assets\loading.f7812020.js", "JavaScript", 1, 0, 0, 0, 0, 0, 0, 0, 1, 2
"c:\xampp\htdocs\cmmotors\ProyectoInventarioMotors\public\build\manifest.json", "JSON", 0, 22, 0, 0, 0, 0, 0, 0, 0, 22
"c:\xampp\htdocs\cmmotors\ProyectoInventarioMotors\public\css\app.css", "CSS", 0, 0, 0, 2357, 0, 0, 0, 127, 219, 2703
"c:\xampp\htdocs\cmmotors\ProyectoInventarioMotors\public\css\desabilitarInputNumber.css", "CSS", 0, 0, 0, 6, 0, 0, 0, 0, 2, 8
"c:\xampp\htdocs\cmmotors\ProyectoInventarioMotors\public\css\index.css", "CSS", 0, 0, 0, 34, 0, 0, 0, 4, 2, 40
"c:\xampp\htdocs\cmmotors\ProyectoInventarioMotors\public\css\invoice.css", "CSS", 0, 0, 0, 168, 0, 0, 0, 18, 24, 210
"c:\xampp\htdocs\cmmotors\ProyectoInventarioMotors\public\css\print.css", "CSS", 0, 0, 0, 18, 0, 0, 0, 0, 18, 36
"c:\xampp\htdocs\cmmotors\ProyectoInventarioMotors\public\img\fotosPDF\coti.svg", "XML", 0, 0, 0, 0, 0, 0, 1, 0, 0, 1
"c:\xampp\htdocs\cmmotors\ProyectoInventarioMotors\public\img\fotosPDF\venta.svg", "XML", 0, 0, 0, 0, 0, 0, 1, 0, 0, 1
"c:\xampp\htdocs\cmmotors\ProyectoInventarioMotors\public\img\fotosPDF\ventas.svg", "XML", 0, 0, 0, 0, 0, 0, 1592, 1, 2, 1595
"c:\xampp\htdocs\cmmotors\ProyectoInventarioMotors\public\img\fotosPDF\wpp.svg", "XML", 0, 0, 0, 0, 0, 0, 1, 0, 0, 1
"c:\xampp\htdocs\cmmotors\ProyectoInventarioMotors\public\inc\database.php", "PHP", 0, 0, 24, 0, 0, 0, 0, 5, 5, 34
"c:\xampp\htdocs\cmmotors\ProyectoInventarioMotors\public\inc\getCodigos.php", "PHP", 0, 0, 13, 0, 0, 0, 0, 1, 8, 22
"c:\xampp\htdocs\cmmotors\ProyectoInventarioMotors\public\index.php", "PHP", 0, 0, 14, 0, 0, 0, 0, 30, 12, 56
"c:\xampp\htdocs\cmmotors\ProyectoInventarioMotors\public\js\Autocompletes\adicionarProducto.js", "JavaScript", 342, 0, 0, 0, 0, 0, 0, 68, 113, 523
"c:\xampp\htdocs\cmmotors\ProyectoInventarioMotors\public\js\Autocompletes\cliente_ventas.js", "JavaScript", 307, 0, 0, 0, 0, 0, 0, 118, 91, 516
"c:\xampp\htdocs\cmmotors\ProyectoInventarioMotors\public\js\Autocompletes\modals.js", "JavaScript", 30, 0, 0, 0, 0, 0, 0, 13, 16, 59
"c:\xampp\htdocs\cmmotors\ProyectoInventarioMotors\public\js\Autocompletes\validacionVentas.js", "JavaScript", 243, 0, 0, 0, 0, 0, 0, 90, 50, 383
"c:\xampp\htdocs\cmmotors\ProyectoInventarioMotors\public\js\Contrasenias\volver_a_escribri_contra.js", "JavaScript", 19, 0, 0, 0, 0, 0, 0, 18, 8, 45
"c:\xampp\htdocs\cmmotors\ProyectoInventarioMotors\public\js\Proveedor\ClienteExiste.js", "JavaScript", 128, 0, 0, 0, 0, 0, 0, 22, 23, 173
"c:\xampp\htdocs\cmmotors\ProyectoInventarioMotors\public\js\Proveedor\CotizacionExiste.js", "JavaScript", 35, 0, 0, 0, 0, 0, 0, 15, 13, 63
"c:\xampp\htdocs\cmmotors\ProyectoInventarioMotors\public\js\Proveedor\EmpleadoExiste.js", "JavaScript", 294, 0, 0, 0, 0, 0, 0, 67, 55, 416
"c:\xampp\htdocs\cmmotors\ProyectoInventarioMotors\public\js\Proveedor\ProductoExiste.js", "JavaScript", 73, 0, 0, 0, 0, 0, 0, 17, 16, 106
"c:\xampp\htdocs\cmmotors\ProyectoInventarioMotors\public\js\Proveedor\ProveedorExiste.js", "JavaScript", 40, 0, 0, 0, 0, 0, 0, 6, 4, 50
"c:\xampp\htdocs\cmmotors\ProyectoInventarioMotors\public\js\Proveedor\cargar_imagen.js", "JavaScript", 67, 0, 0, 0, 0, 0, 0, 47, 27, 141
"c:\xampp\htdocs\cmmotors\ProyectoInventarioMotors\public\js\app.js", "JavaScript", 7436, 0, 0, 0, 0, 0, 0, 10813, 1479, 19728
"c:\xampp\htdocs\cmmotors\ProyectoInventarioMotors\public\js\backupxd\Json_CMmotorns_nuevo.json", "JSON", 0, 102836, 0, 0, 0, 0, 0, 0, 0, 102836
"c:\xampp\htdocs\cmmotors\ProyectoInventarioMotors\public\js\backupxd\Json_Cmmotors.json", "JSON", 0, 154889, 0, 0, 0, 0, 0, 0, 3, 154892
"c:\xampp\htdocs\cmmotors\ProyectoInventarioMotors\public\js\backupxd\Json_Cmmotors_01-10.json", "JSON", 0, 2636, 0, 0, 0, 0, 0, 0, 6, 2642
"c:\xampp\htdocs\cmmotors\ProyectoInventarioMotors\public\js\backupxd\Json_Cmmotors_02-10.json", "JSON", 0, 111113, 0, 0, 0, 0, 0, 0, 0, 111113
"c:\xampp\htdocs\cmmotors\ProyectoInventarioMotors\public\js\backupxd\Json_Cmmotors_04-10.json", "JSON", 0, 111377, 0, 0, 0, 0, 0, 0, 0, 111377
"c:\xampp\htdocs\cmmotors\ProyectoInventarioMotors\public\js\backupxd\Json_Cmmotors_05-11.json", "JSON", 0, 111473, 0, 0, 0, 0, 0, 0, 0, 111473
"c:\xampp\htdocs\cmmotors\ProyectoInventarioMotors\public\js\backupxd\Json_Cmmotors_22-09.json", "JSON", 0, 68251, 0, 0, 0, 0, 0, 0, 0, 68251
"c:\xampp\htdocs\cmmotors\ProyectoInventarioMotors\public\js\backupxd\Json_Cmmotors_antes.json", "JSON", 0, 63082, 0, 0, 0, 0, 0, 0, 0, 63082
"c:\xampp\htdocs\cmmotors\ProyectoInventarioMotors\public\js\backupxd\consumirApiCliente.js", "JavaScript", 36, 0, 0, 0, 0, 0, 0, 12, 7, 55
"c:\xampp\htdocs\cmmotors\ProyectoInventarioMotors\public\js\backupxd\consumirApiCotizacion.js", "JavaScript", 42, 0, 0, 0, 0, 0, 0, 12, 17, 71
"c:\xampp\htdocs\cmmotors\ProyectoInventarioMotors\public\js\backupxd\consumirApiDatos.js", "JavaScript", 34, 0, 0, 0, 0, 0, 0, 2, 14, 50
"c:\xampp\htdocs\cmmotors\ProyectoInventarioMotors\public\js\backupxd\consumirApiDetalleCotizacion.js", "JavaScript", 37, 0, 0, 0, 0, 0, 0, 12, 17, 66
"c:\xampp\htdocs\cmmotors\ProyectoInventarioMotors\public\js\backupxd\consumirApiDetalleVenta.js", "JavaScript", 37, 0, 0, 0, 0, 0, 0, 13, 15, 65
"c:\xampp\htdocs\cmmotors\ProyectoInventarioMotors\public\js\backupxd\consumirApiProducto.js", "JavaScript", 59, 0, 0, 0, 0, 0, 0, 29, 12, 100
"c:\xampp\htdocs\cmmotors\ProyectoInventarioMotors\public\js\backupxd\consumirApiProveedor.js", "JavaScript", 35, 0, 0, 0, 0, 0, 0, 12, 17, 64
"c:\xampp\htdocs\cmmotors\ProyectoInventarioMotors\public\js\backupxd\consumirApiVenta.js", "JavaScript", 37, 0, 0, 0, 0, 0, 0, 12, 17, 66
"c:\xampp\htdocs\cmmotors\ProyectoInventarioMotors\public\js\backupxd\hacer_backup.js", "JavaScript", 7, 0, 0, 0, 0, 0, 0, 1, 6, 14
"c:\xampp\htdocs\cmmotors\ProyectoInventarioMotors\public\js\backupxd\producos_vendidos_03_10.json", "JSON", 0, 41016, 0, 0, 0, 0, 0, 0, 0, 41016
"c:\xampp\htdocs\cmmotors\ProyectoInventarioMotors\public\js\backupxd\productosTuGerente.json", "JSON", 0, 36932, 0, 0, 0, 0, 0, 0, 0, 36932
"c:\xampp\htdocs\cmmotors\ProyectoInventarioMotors\public\js\backupxd\ventasTuGerente.json", "JSON", 0, 82079, 0, 0, 0, 0, 0, 0, 3, 82082
"c:\xampp\htdocs\cmmotors\ProyectoInventarioMotors\public\js\buscador\buscador.js", "JavaScript", 34, 0, 0, 0, 0, 0, 0, 13, 17, 64
"c:\xampp\htdocs\cmmotors\ProyectoInventarioMotors\public\js\buscador\export_search.js", "JavaScript", 118, 0, 0, 0, 0, 0, 0, 23, 7, 148
"c:\xampp\htdocs\cmmotors\ProyectoInventarioMotors\public\js\buscador\exportar_buscador.js", "JavaScript", 243, 0, 0, 0, 0, 0, 0, 185, 110, 538
"c:\xampp\htdocs\cmmotors\ProyectoInventarioMotors\public\js\buscador\navegador.js", "JavaScript", 48, 0, 0, 0, 0, 0, 0, 39, 24, 111
"c:\xampp\htdocs\cmmotors\ProyectoInventarioMotors\public\js\buscador\search.js", "JavaScript", 6, 0, 0, 0, 0, 0, 0, 7, 1, 14
"c:\xampp\htdocs\cmmotors\ProyectoInventarioMotors\public\js\oscar.js", "JavaScript", 5, 0, 0, 0, 0, 0, 0, 1, 1, 7
"c:\xampp\htdocs\cmmotors\ProyectoInventarioMotors\public\js\peticiones.js", "JavaScript", 21, 0, 0, 0, 0, 0, 0, 11, 6, 38
"c:\xampp\htdocs\cmmotors\ProyectoInventarioMotors\public\js\productos_no_guardados.json", "JSON", 0, 2741, 0, 0, 0, 0, 0, 0, 0, 2741
"c:\xampp\htdocs\cmmotors\ProyectoInventarioMotors\public\julico1.json", "JSON", 0, 5, 0, 0, 0, 0, 0, 0, 1, 6
"c:\xampp\htdocs\cmmotors\ProyectoInventarioMotors\public\phpinfo.php", "PHP", 0, 0, 3, 0, 0, 0, 0, 0, 3, 6
"c:\xampp\htdocs\cmmotors\ProyectoInventarioMotors\public\restaurarProductos\productos.json", "JSON", 0, 1120, 0, 0, 0, 0, 0, 0, 0, 1120
"c:\xampp\htdocs\cmmotors\ProyectoInventarioMotors\resources\css\app.css", "CSS", 0, 0, 0, 77, 0, 0, 0, 3, 28, 108
"c:\xampp\htdocs\cmmotors\ProyectoInventarioMotors\resources\css\scrollbar.css", "CSS", 0, 0, 0, 8, 0, 0, 0, 3, 1, 12
"c:\xampp\htdocs\cmmotors\ProyectoInventarioMotors\resources\js\app.js", "JavaScript", 1, 0, 0, 0, 0, 0, 0, 0, 1, 2
"c:\xampp\htdocs\cmmotors\ProyectoInventarioMotors\resources\js\bootstrap.js", "JavaScript", 5, 0, 0, 0, 0, 0, 0, 22, 8, 35
"c:\xampp\htdocs\cmmotors\ProyectoInventarioMotors\resources\js\facturacion.js", "JavaScript", 61, 0, 0, 0, 0, 0, 0, 9, 15, 85
"c:\xampp\htdocs\cmmotors\ProyectoInventarioMotors\resources\js\livewire_events.js", "JavaScript", 41, 0, 0, 0, 0, 0, 0, 8, 17, 66
"c:\xampp\htdocs\cmmotors\ProyectoInventarioMotors\resources\js\loading.js", "JavaScript", 28, 0, 0, 0, 0, 0, 0, 19, 7, 54
"c:\xampp\htdocs\cmmotors\ProyectoInventarioMotors\resources\views\VistaClientes\create.blade.php", "PHP", 0, 0, 95, 0, 0, 0, 0, 0, 20, 115
"c:\xampp\htdocs\cmmotors\ProyectoInventarioMotors\resources\views\VistaClientes\edit.blade.php", "PHP", 0, 0, 94, 0, 0, 0, 0, 0, 19, 113
"c:\xampp\htdocs\cmmotors\ProyectoInventarioMotors\resources\views\VistaClientes\index.blade.php", "PHP", 0, 0, 15, 0, 0, 0, 0, 0, 5, 20
"c:\xampp\htdocs\cmmotors\ProyectoInventarioMotors\resources\views\VistaClientes\lista.blade.php", "PHP", 0, 0, 45, 0, 0, 0, 0, 0, 5, 50
"c:\xampp\htdocs\cmmotors\ProyectoInventarioMotors\resources\views\VistaClientes\listaProveedores.blade.php", "PHP", 0, 0, 47, 0, 0, 0, 0, 0, 5, 52
"c:\xampp\htdocs\cmmotors\ProyectoInventarioMotors\resources\views\VistaCotizacion\create.blade.php", "PHP", 0, 0, 422, 0, 0, 0, 0, 0, 101, 523
"c:\xampp\htdocs\cmmotors\ProyectoInventarioMotors\resources\views\VistaCotizacion\edit.blade.php", "PHP", 0, 0, 442, 0, 0, 0, 0, 0, 93, 535
"c:\xampp\htdocs\cmmotors\ProyectoInventarioMotors\resources\views\VistaCotizacion\imprimir.blade.php", "PHP", 0, 0, 132, 0, 0, 0, 0, 2, 13, 147
"c:\xampp\htdocs\cmmotors\ProyectoInventarioMotors\resources\views\VistaCotizacion\index2.blade.php", "PHP", 0, 0, 458, 0, 0, 0, 0, 2, 66, 526
"c:\xampp\htdocs\cmmotors\ProyectoInventarioMotors\resources\views\VistaCotizacion\show.blade.php", "PHP", 0, 0, 55, 0, 0, 0, 0, 0, 8, 63
"c:\xampp\htdocs\cmmotors\ProyectoInventarioMotors\resources\views\VistaEmpleados\create1.blade.php", "PHP", 0, 0, 137, 0, 0, 0, 0, 0, 34, 171
"c:\xampp\htdocs\cmmotors\ProyectoInventarioMotors\resources\views\VistaEmpleados\edit.blade.php", "PHP", 0, 0, 160, 0, 0, 0, 0, 0, 42, 202
"c:\xampp\htdocs\cmmotors\ProyectoInventarioMotors\resources\views\VistaEmpleados\index.blade.php", "PHP", 0, 0, 86, 0, 0, 0, 0, 0, 2, 88
"c:\xampp\htdocs\cmmotors\ProyectoInventarioMotors\resources\views\VistaEmpleados\index2.blade.php", "PHP", 0, 0, 79, 0, 0, 0, 0, 0, 15, 94
"c:\xampp\htdocs\cmmotors\ProyectoInventarioMotors\resources\views\VistaEmpleados\indexDeshabilitados.blade.php", "PHP", 0, 0, 86, 0, 0, 0, 0, 0, 3, 89
"c:\xampp\htdocs\cmmotors\ProyectoInventarioMotors\resources\views\VistaEmpleados\listaEmpleados.blade.php", "PHP", 0, 0, 41, 0, 0, 0, 0, 0, 5, 46
"c:\xampp\htdocs\cmmotors\ProyectoInventarioMotors\resources\views\VistaExport\index.blade.php", "PHP", 0, 0, 12, 0, 0, 0, 0, 0, 1, 13
"c:\xampp\htdocs\cmmotors\ProyectoInventarioMotors\resources\views\VistaExport\loca.php", "PHP", 0, 0, 6, 0, 0, 0, 0, 2, 1, 9
"c:\xampp\htdocs\cmmotors\ProyectoInventarioMotors\resources\views\VistaProductos\Modal_crear_proveedo.blade.php", "PHP", 0, 0, 104, 0, 0, 0, 0, 0, 27, 131
"c:\xampp\htdocs\cmmotors\ProyectoInventarioMotors\resources\views\VistaProductos\cargaMasiva.blade.php", "PHP", 0, 0, 91, 0, 0, 0, 0, 0, 18, 109
"c:\xampp\htdocs\cmmotors\ProyectoInventarioMotors\resources\views\VistaProductos\create.blade.php", "PHP", 0, 0, 444, 0, 0, 0, 0, 5, 87, 536
"c:\xampp\htdocs\cmmotors\ProyectoInventarioMotors\resources\views\VistaProductos\deshabilitados.blade.php", "PHP", 0, 0, 156, 0, 0, 0, 0, 0, 13, 169
"c:\xampp\htdocs\cmmotors\ProyectoInventarioMotors\resources\views\VistaProductos\edit2.blade.php", "PHP", 0, 0, 520, 0, 0, 0, 0, 0, 93, 613
"c:\xampp\htdocs\cmmotors\ProyectoInventarioMotors\resources\views\VistaProductos\editdesabilitado.blade.php", "PHP", 0, 0, 194, 0, 0, 0, 0, 0, 24, 218
"c:\xampp\htdocs\cmmotors\ProyectoInventarioMotors\resources\views\VistaProductos\exportar_productos.blade.php", "PHP", 0, 0, 81, 0, 0, 0, 0, 0, 8, 89
"c:\xampp\htdocs\cmmotors\ProyectoInventarioMotors\resources\views\VistaProductos\index.blade.php", "PHP", 0, 0, 502, 0, 0, 0, 0, 1, 53, 556
"c:\xampp\htdocs\cmmotors\ProyectoInventarioMotors\resources\views\VistaProductos\listaproductos.blade.php", "PHP", 0, 0, 108, 0, 0, 0, 0, 0, 4, 112
"c:\xampp\htdocs\cmmotors\ProyectoInventarioMotors\resources\views\VistaProductos\listaproductosi.blade.php", "PHP", 0, 0, 108, 0, 0, 0, 0, 0, 5, 113
"c:\xampp\htdocs\cmmotors\ProyectoInventarioMotors\resources\views\VistaProductos\show2.blade.php", "PHP", 0, 0, 216, 0, 0, 0, 0, 0, 31, 247
"c:\xampp\htdocs\cmmotors\ProyectoInventarioMotors\resources\views\VistaProveedores\create.blade.php", "PHP", 0, 0, 143, 0, 0, 0, 0, 0, 29, 172
"c:\xampp\htdocs\cmmotors\ProyectoInventarioMotors\resources\views\VistaProveedores\deshabilitados.blade.php", "PHP", 0, 0, 119, 0, 0, 0, 0, 0, 9, 128
"c:\xampp\htdocs\cmmotors\ProyectoInventarioMotors\resources\views\VistaProveedores\edit.blade.php", "PHP", 0, 0, 143, 0, 0, 0, 0, 0, 26, 169
"c:\xampp\htdocs\cmmotors\ProyectoInventarioMotors\resources\views\VistaProveedores\index.blade.php", "PHP", 0, 0, 169, 0, 0, 0, 0, 0, 19, 188
"c:\xampp\htdocs\cmmotors\ProyectoInventarioMotors\resources\views\VistaUbicacion\create.blade.php", "PHP", 0, 0, 51, 0, 0, 0, 0, 0, 28, 79
"c:\xampp\htdocs\cmmotors\ProyectoInventarioMotors\resources\views\VistaUbicacion\createEstante.blade.php", "PHP", 0, 0, 4, 0, 0, 0, 0, 0, 3, 7
"c:\xampp\htdocs\cmmotors\ProyectoInventarioMotors\resources\views\VistaUbicacion\edit.blade.php", "PHP", 0, 0, 21, 0, 0, 0, 0, 0, 9, 30
"c:\xampp\htdocs\cmmotors\ProyectoInventarioMotors\resources\views\VistaUbicacion\editEstante.blade.php", "PHP", 0, 0, 26, 0, 0, 0, 0, 0, 11, 37
"c:\xampp\htdocs\cmmotors\ProyectoInventarioMotors\resources\views\VistaUbicacion\editSector.blade.php", "PHP", 0, 0, 14, 0, 0, 0, 0, 0, 6, 20
"c:\xampp\htdocs\cmmotors\ProyectoInventarioMotors\resources\views\VistaUbicacion\index.blade.php", "PHP", 0, 0, 127, 0, 0, 0, 0, 0, 25, 152
"c:\xampp\htdocs\cmmotors\ProyectoInventarioMotors\resources\views\VistaUbicacion\model_crear_ubi.blade.php", "PHP", 0, 0, 102, 0, 0, 0, 0, 0, 4, 106
"c:\xampp\htdocs\cmmotors\ProyectoInventarioMotors\resources\views\VistaVentas\consultarVentas.blade.php", "PHP", 0, 0, 482, 0, 0, 0, 0, 1, 79, 562
"c:\xampp\htdocs\cmmotors\ProyectoInventarioMotors\resources\views\VistaVentas\create1.blade.php", "PHP", 0, 0, 384, 0, 0, 0, 0, 1, 89, 474
"c:\xampp\htdocs\cmmotors\ProyectoInventarioMotors\resources\views\VistaVentas\createVentaCotiza.blade.php", "PHP", 0, 0, 389, 0, 0, 0, 0, 0, 81, 470
"c:\xampp\htdocs\cmmotors\ProyectoInventarioMotors\resources\views\VistaVentas\datos.blade.php", "PHP", 0, 0, 39, 0, 0, 0, 0, 0, 10, 49
"c:\xampp\htdocs\cmmotors\ProyectoInventarioMotors\resources\views\VistaVentas\detalle.blade.php", "PHP", 0, 0, 95, 0, 0, 0, 0, 2, 7, 104
"c:\xampp\htdocs\cmmotors\ProyectoInventarioMotors\resources\views\VistaVentas\edit.blade.php", "PHP", 0, 0, 391, 0, 0, 0, 0, 0, 82, 473
"c:\xampp\htdocs\cmmotors\ProyectoInventarioMotors\resources\views\VistaVentas\imprimir.blade.php", "PHP", 0, 0, 107, 0, 0, 0, 0, 0, 14, 121
"c:\xampp\htdocs\cmmotors\ProyectoInventarioMotors\resources\views\VistaVentas\index1.blade.php", "PHP", 0, 0, 612, 0, 0, 0, 0, 2, 109, 723
"c:\xampp\htdocs\cmmotors\ProyectoInventarioMotors\resources\views\VistaVentas\index_wire.blade.php", "PHP", 0, 0, 16, 0, 0, 0, 0, 0, 4, 20
"c:\xampp\htdocs\cmmotors\ProyectoInventarioMotors\resources\views\VistaVentas\modelProductos.blade.php", "PHP", 0, 0, 111, 0, 0, 0, 0, 0, 16, 127
"c:\xampp\htdocs\cmmotors\ProyectoInventarioMotors\resources\views\VistaVentas\modelProductosEdit.blade.php", "PHP", 0, 0, 108, 0, 0, 0, 0, 0, 18, 126
"c:\xampp\htdocs\cmmotors\ProyectoInventarioMotors\resources\views\VistasAuth\antiguo.blade.php", "PHP", 0, 0, 23, 0, 0, 0, 0, 0, 4, 27
"c:\xampp\htdocs\cmmotors\ProyectoInventarioMotors\resources\views\VistasAuth\dashboard.blade.php", "PHP", 0, 0, 216, 0, 0, 0, 0, 0, 29, 245
"c:\xampp\htdocs\cmmotors\ProyectoInventarioMotors\resources\views\VistasAuth\login.blade.php", "PHP", 0, 0, 103, 0, 0, 0, 0, 1, 28, 132
"c:\xampp\htdocs\cmmotors\ProyectoInventarioMotors\resources\views\VistasAuth\modelOlvidaste.blade.php", "PHP", 0, 0, 66, 0, 0, 0, 0, 0, 14, 80
"c:\xampp\htdocs\cmmotors\ProyectoInventarioMotors\resources\views\VistasAuth\register.blade.php", "PHP", 0, 0, 56, 0, 0, 0, 0, 0, 11, 67
"c:\xampp\htdocs\cmmotors\ProyectoInventarioMotors\resources\views\VistasRol\crearPermisos.blade.php", "PHP", 0, 0, 28, 0, 0, 0, 0, 0, 2, 30
"c:\xampp\htdocs\cmmotors\ProyectoInventarioMotors\resources\views\VistasRol\create.blade.php", "PHP", 0, 0, 39, 0, 0, 0, 0, 0, 3, 42
"c:\xampp\htdocs\cmmotors\ProyectoInventarioMotors\resources\views\VistasRol\edit.blade.php", "PHP", 0, 0, 50, 0, 0, 0, 0, 0, 5, 55
"c:\xampp\htdocs\cmmotors\ProyectoInventarioMotors\resources\views\VistasRol\editPermisos.blade.php", "PHP", 0, 0, 37, 0, 0, 0, 0, 0, 3, 40
"c:\xampp\htdocs\cmmotors\ProyectoInventarioMotors\resources\views\VistasRol\indexd.blade.php", "PHP", 0, 0, 247, 0, 0, 0, 0, 0, 27, 274
"c:\xampp\htdocs\cmmotors\ProyectoInventarioMotors\resources\views\VistasRol\restaurarProductos.blade.php", "PHP", 0, 0, 55, 0, 0, 0, 0, 0, 20, 75
"c:\xampp\htdocs\cmmotors\ProyectoInventarioMotors\resources\views\backup_archivos\archivos.html", "HTML", 0, 0, 0, 0, 0, 18, 0, 0, 6, 24
"c:\xampp\htdocs\cmmotors\ProyectoInventarioMotors\resources\views\backup_archivos\archivos2.blade.php", "PHP", 0, 0, 14, 0, 0, 0, 0, 0, 5, 19
"c:\xampp\htdocs\cmmotors\ProyectoInventarioMotors\resources\views\backup_archivos\crearArchivo.php", "PHP", 0, 0, 6, 0, 0, 0, 0, 0, 5, 11
"c:\xampp\htdocs\cmmotors\ProyectoInventarioMotors\resources\views\backup_todo\cargarCliente.blade.php", "PHP", 0, 0, 26, 0, 0, 0, 0, 0, 7, 33
"c:\xampp\htdocs\cmmotors\ProyectoInventarioMotors\resources\views\backup_todo\cargarCotizacion.blade.php", "PHP", 0, 0, 34, 0, 0, 0, 0, 0, 8, 42
"c:\xampp\htdocs\cmmotors\ProyectoInventarioMotors\resources\views\backup_todo\cargarDatosGenerales.blade.php", "PHP", 0, 0, 26, 0, 0, 0, 0, 0, 8, 34
"c:\xampp\htdocs\cmmotors\ProyectoInventarioMotors\resources\views\backup_todo\cargarDetalleCotizacion.blade.php", "PHP", 0, 0, 28, 0, 0, 0, 0, 0, 7, 35
"c:\xampp\htdocs\cmmotors\ProyectoInventarioMotors\resources\views\backup_todo\cargarDetalleVentas.blade.php", "PHP", 0, 0, 28, 0, 0, 0, 0, 0, 7, 35
"c:\xampp\htdocs\cmmotors\ProyectoInventarioMotors\resources\views\backup_todo\cargarProducto.blade.php", "PHP", 0, 0, 51, 0, 0, 0, 0, 0, 7, 58
"c:\xampp\htdocs\cmmotors\ProyectoInventarioMotors\resources\views\backup_todo\cargarProveedor.blade.php", "PHP", 0, 0, 36, 0, 0, 0, 0, 0, 9, 45
"c:\xampp\htdocs\cmmotors\ProyectoInventarioMotors\resources\views\backup_todo\cargarVentas.blade.php", "PHP", 0, 0, 30, 0, 0, 0, 0, 0, 8, 38
"c:\xampp\htdocs\cmmotors\ProyectoInventarioMotors\resources\views\components\application-logo.blade.php", "PHP", 0, 0, 1, 0, 0, 0, 0, 0, 2, 3
"c:\xampp\htdocs\cmmotors\ProyectoInventarioMotors\resources\views\components\auth-card.blade.php", "PHP", 0, 0, 8, 0, 0, 0, 0, 0, 2, 10
"c:\xampp\htdocs\cmmotors\ProyectoInventarioMotors\resources\views\components\auth-session-status.blade.php", "PHP", 0, 0, 6, 0, 0, 0, 0, 0, 2, 8
"c:\xampp\htdocs\cmmotors\ProyectoInventarioMotors\resources\views\components\auth-validation-errors.blade.php", "PHP", 0, 0, 13, 0, 0, 0, 0, 0, 3, 16
"c:\xampp\htdocs\cmmotors\ProyectoInventarioMotors\resources\views\components\button.blade.php", "PHP", 0, 0, 3, 0, 0, 0, 0, 0, 1, 4
"c:\xampp\htdocs\cmmotors\ProyectoInventarioMotors\resources\views\components\dropdown-link.blade.php", "PHP", 0, 0, 1, 0, 0, 0, 0, 0, 1, 2
"c:\xampp\htdocs\cmmotors\ProyectoInventarioMotors\resources\views\components\dropdown.blade.php", "PHP", 0, 0, 39, 0, 0, 0, 0, 0, 5, 44
"c:\xampp\htdocs\cmmotors\ProyectoInventarioMotors\resources\views\components\input.blade.php", "PHP", 0, 0, 2, 0, 0, 0, 0, 0, 2, 4
"c:\xampp\htdocs\cmmotors\ProyectoInventarioMotors\resources\views\components\label.blade.php", "PHP", 0, 0, 4, 0, 0, 0, 0, 0, 2, 6
"c:\xampp\htdocs\cmmotors\ProyectoInventarioMotors\resources\views\components\nav-link.blade.php", "PHP", 0, 0, 9, 0, 0, 0, 0, 0, 3, 12
"c:\xampp\htdocs\cmmotors\ProyectoInventarioMotors\resources\views\components\responsive-nav-link.blade.php", "PHP", 0, 0, 9, 0, 0, 0, 0, 0, 3, 12
"c:\xampp\htdocs\cmmotors\ProyectoInventarioMotors\resources\views\dashboard.blade.php", "PHP", 0, 0, 17, 0, 0, 0, 0, 0, 3, 20
"c:\xampp\htdocs\cmmotors\ProyectoInventarioMotors\resources\views\form.blade.php", "PHP", 0, 0, 49, 0, 0, 0, 0, 0, 9, 58
"c:\xampp\htdocs\cmmotors\ProyectoInventarioMotors\resources\views\home.blade.php", "PHP", 0, 0, 20, 0, 0, 0, 0, 0, 4, 24
"c:\xampp\htdocs\cmmotors\ProyectoInventarioMotors\resources\views\layouts\app.blade.php", "PHP", 0, 0, 30, 0, 0, 0, 0, 0, 7, 37
"c:\xampp\htdocs\cmmotors\ProyectoInventarioMotors\resources\views\layouts\guest.blade.php", "PHP", 0, 0, 20, 0, 0, 0, 0, 0, 5, 25
"c:\xampp\htdocs\cmmotors\ProyectoInventarioMotors\resources\views\layouts\navigation.blade.php", "PHP", 0, 0, 92, 0, 0, 0, 0, 0, 12, 104
"c:\xampp\htdocs\cmmotors\ProyectoInventarioMotors\resources\views\livewire\autorelleno-cliente.blade.php", "PHP", 0, 0, 32, 0, 0, 0, 0, 0, 12, 44
"c:\xampp\htdocs\cmmotors\ProyectoInventarioMotors\resources\views\livewire\buscador-cliente-wire.blade.php", "PHP", 0, 0, 256, 0, 0, 0, 0, 3, 26, 285
"c:\xampp\htdocs\cmmotors\ProyectoInventarioMotors\resources\views\livewire\buscador-venta-wire.blade.php", "PHP", 0, 0, 319, 0, 0, 0, 0, 0, 40, 359
"c:\xampp\htdocs\cmmotors\ProyectoInventarioMotors\resources\views\navegador.blade.php", "PHP", 0, 0, 501, 0, 0, 0, 0, 3, 82, 586
"c:\xampp\htdocs\cmmotors\ProyectoInventarioMotors\resources\views\novo.blade.php", "PHP", 0, 0, 18, 0, 0, 0, 0, 0, 5, 23
"c:\xampp\htdocs\cmmotors\ProyectoInventarioMotors\resources\views\prueba.blade.php", "PHP", 0, 0, 13, 0, 0, 0, 0, 0, 9, 22
"c:\xampp\htdocs\cmmotors\ProyectoInventarioMotors\resources\views\prueba2.blade.php", "PHP", 0, 0, 34, 0, 0, 0, 0, 0, 5, 39
"c:\xampp\htdocs\cmmotors\ProyectoInventarioMotors\resources\views\prueba_formualrio.blade.php", "PHP", 0, 0, 92, 0, 0, 0, 0, 0, 34, 126
"c:\xampp\htdocs\cmmotors\ProyectoInventarioMotors\resources\views\pruebas\julico\FORMULARIO_BASE.blade.php", "PHP", 0, 0, 109, 0, 0, 0, 0, 0, 18, 127
"c:\xampp\htdocs\cmmotors\ProyectoInventarioMotors\resources\views\pruebas\julico\factura.blade.php", "PHP", 0, 0, 63, 0, 0, 0, 0, 0, 5, 68
"c:\xampp\htdocs\cmmotors\ProyectoInventarioMotors\resources\views\pruebas\julico\imprimir.blade.php", "PHP", 0, 0, 103, 0, 0, 0, 0, 3, 15, 121
"c:\xampp\htdocs\cmmotors\ProyectoInventarioMotors\resources\views\pruebas\julico\index.blade.php", "PHP", 0, 0, 38, 0, 0, 0, 0, 0, 9, 47
"c:\xampp\htdocs\cmmotors\ProyectoInventarioMotors\resources\views\pruebas\julico\julico.blade.php", "PHP", 0, 0, 38, 0, 0, 0, 0, 0, 5, 43
"c:\xampp\htdocs\cmmotors\ProyectoInventarioMotors\resources\views\pruebas\julico\modals.blade.php", "PHP", 0, 0, 219, 0, 0, 0, 0, 0, 37, 256
"c:\xampp\htdocs\cmmotors\ProyectoInventarioMotors\resources\views\pruebas\julico\show.blade.php", "PHP", 0, 0, 110, 0, 0, 0, 0, 0, 11, 121
"c:\xampp\htdocs\cmmotors\ProyectoInventarioMotors\resources\views\pruebas\julico\ventas.blade.php", "PHP", 0, 0, 24, 0, 0, 0, 0, 0, 4, 28
"c:\xampp\htdocs\cmmotors\ProyectoInventarioMotors\resources\views\pruebas\repo.blade.php", "PHP", 0, 0, 88, 0, 0, 0, 0, 3, 5, 96
"c:\xampp\htdocs\cmmotors\ProyectoInventarioMotors\resources\views\pruebas\reporte.blade.php", "PHP", 0, 0, 208, 0, 0, 0, 0, 2, 37, 247
"c:\xampp\htdocs\cmmotors\ProyectoInventarioMotors\resources\views\pruebas\reporteFecha.blade.php", "PHP", 0, 0, 88, 0, 0, 0, 0, 3, 5, 96
"c:\xampp\htdocs\cmmotors\ProyectoInventarioMotors\resources\views\pruebas\template.blade.php", "PHP", 0, 0, 1202, 0, 0, 0, 0, 2, 70, 1274
"c:\xampp\htdocs\cmmotors\ProyectoInventarioMotors\resources\views\test.blade.php", "PHP", 0, 0, 22, 0, 0, 0, 0, 0, 6, 28
"c:\xampp\htdocs\cmmotors\ProyectoInventarioMotors\resources\views\welcome.blade.php", "PHP", 0, 0, 114, 0, 0, 0, 0, 0, 20, 134
"c:\xampp\htdocs\cmmotors\ProyectoInventarioMotors\routes\api.php", "PHP", 0, 0, 35, 0, 0, 0, 0, 48, 27, 110
"c:\xampp\htdocs\cmmotors\ProyectoInventarioMotors\routes\channels.php", "PHP", 0, 0, 5, 0, 0, 0, 0, 10, 4, 19
"c:\xampp\htdocs\cmmotors\ProyectoInventarioMotors\routes\console.php", "PHP", 0, 0, 6, 0, 0, 0, 0, 10, 4, 20
"c:\xampp\htdocs\cmmotors\ProyectoInventarioMotors\routes\web.php", "PHP", 0, 0, 236, 0, 0, 0, 0, 138, 55, 429
"c:\xampp\htdocs\cmmotors\ProyectoInventarioMotors\tailwind.config.js", "JavaScript", 6, 0, 0, 0, 0, 0, 0, 16, 0, 22
"c:\xampp\htdocs\cmmotors\ProyectoInventarioMotors\tests\CreatesApplication.php", "PHP", 0, 0, 12, 0, 0, 0, 0, 5, 6, 23
"c:\xampp\htdocs\cmmotors\ProyectoInventarioMotors\tests\Feature\ExampleTest.php", "PHP", 0, 0, 11, 0, 0, 0, 0, 6, 5, 22
"c:\xampp\htdocs\cmmotors\ProyectoInventarioMotors\tests\TestCase.php", "PHP", 0, 0, 7, 0, 0, 0, 0, 0, 4, 11
"c:\xampp\htdocs\cmmotors\ProyectoInventarioMotors\tests\Unit\ExampleTest.php", "PHP", 0, 0, 10, 0, 0, 0, 0, 5, 4, 19
"c:\xampp\htdocs\cmmotors\ProyectoInventarioMotors\vendor\spatie\ignition\resources\compiled\ignition.css", "CSS", 0, 0, 0, 1, 0, 0, 0, 2, 0, 3
"c:\xampp\htdocs\cmmotors\ProyectoInventarioMotors\vendor\spatie\ignition\resources\compiled\ignition.js", "JavaScript", 6, 0, 0, 0, 0, 0, 0, 0, 1, 7
"c:\xampp\htdocs\cmmotors\ProyectoInventarioMotors\vite.config.js", "JavaScript", 15, 0, 0, 0, 0, 0, 0, 0, 2, 17
"Total", "-", 10010, 901913, 21604, 2670, 45, 18, 1624, 15860, 6996, 960740